1.788299822800279104e+00,2.157831378240725462e-01
1.825741867513756667e+00,4.950867268300487845e-01
4.707481041502313834e-01,4.049465024404295121e-01
-4.105017878318761859e-01,1.289986523720733747e+00
2.070300909264561895e+00,-1.512829325926583479e-01
1.416003508563751234e-01,-3.844149422542038064e-01
-4.518373300309055374e-01,7.534857404798493974e-01
1.808784635985661027e-01,6.076847689855682244e-01
-5.630719067085099283e-01,9.286087629624601991e-01
2.072837392667716383e+00,2.634644608345729777e-01
1.772567298583653361e+00,1.872841043911331882e-01
2.401202265805547631e-01,1.123059139024719766e+00
1.889033952662142468e+00,1.955501358796623013e-01
1.938633449716582913e+00,3.110500683404145983e-01
1.924473763276569049e-01,1.004742933071099076e+00
3.790512086233361888e-01,-4.615735110939673258e-01
2.089181717852159892e-01,2.047402747546284152e-01
2.152825502477187847e+00,2.788731159327989539e-02
7.341884893395565770e-02,6.658628791029641558e-01
1.170709302818005115e+00,-4.626782367257450401e-01
1.041133089429793213e+00,9.039252619753830320e-01
7.901784145985345509e-01,-4.714499947535733537e-01
1.501308062807681365e+00,-5.192870857605214052e-01
1.327191082285933188e+00,-4.509707880097496013e-01
2.785880002201174821e-01,1.361957792229238073e+00
1.991401617580861760e+00,-9.992108805774641000e-02
9.073631582258345762e-02,5.212880803285266929e-01
-1.141936816523855480e+00,3.800616018719147893e-01
9.672015028964864314e-01,4.400603443617800981e-01
-1.717967437061901359e-01,-1.045193925540688351e-01
8.379507493525878425e-01,4.095895559854595414e-01
5.684323184411257390e-01,7.996235999971533781e-01
7.601233156267865887e-01,6.877032184792148950e-01
1.069213491253037995e+00,-7.012288409854245952e-01
1.054999148639937268e+00,3.474529206144423843e-01
6.011220569193007623e-01,-6.335360567988868041e-01
-9.694731164748442431e-01,5.789478106164857030e-01
-6.290539081830877066e-01,8.305452883682552523e-01
-8.840631169853776505e-01,9.715552060801321277e-01
-9.477619141316045992e-01,2.348785981444543591e-01
4.915716095195032942e-01,5.136536202631660775e-01
-1.865767831677199173e-01,2.368467321143370996e-01
1.218720995551745734e+00,4.728128159381621565e-01
5.272847860131009146e-01,7.205390805605491611e-01
9.572425455808894479e-02,1.404905181958906901e+00
-1.116294637304738879e+00,1.841413011454745563e-02
-5.948618353707757489e-01,1.030448909055347029e+00
-3.294939314639605543e-01,9.264230744995095579e-01
1.080397023048656202e-01,9.528339132889074303e-01
6.729330903309849177e-01,5.791139877353770338e-01
7.435697519756150342e-01,-4.500611669374022794e-01
-9.376953017477238639e-01,3.636211802683055883e-01
-4.374973974816767086e-01,8.224517669126423236e-01
5.730599643712864788e-01,-4.405375849129140042e-01
1.488385462801179893e+00,-1.727620869922007474e-01
-6.005246305770304271e-01,1.280655980867292154e+00
-1.012669946476347782e-01,1.246929843729335796e-01
-7.036955414268520892e-01,6.682402991174311024e-01
1.173738250410001793e+00,-5.466400348198355852e-01
-5.005451711289732319e-01,6.825364178236933421e-01
1.463789634151511532e+00,-4.475243480578529054e-01
6.496698474779034616e-01,9.806429047904405838e-01
8.193956806754465472e-01,3.796925674629517133e-01
-1.007596821446023139e+00,2.455430080850448116e-01
4.845075377238245995e-01,-5.533849036216914596e-02
-8.344212199589207124e-02,-6.094990796688941337e-02
5.139908136610145117e-01,-1.761864978557900474e-01
5.763552973323164685e-02,6.128684625999295532e-01
1.634287864750893160e+00,-3.277836946126954087e-01
1.454075804444006303e+00,-5.713986189916393510e-01
2.316300865274583121e+00,-1.207710565660840007e-01
-1.179393383999053579e+00,4.047592106058285344e-01
1.050770143328904727e+00,8.136157376948607300e-01
-6.623053637633325996e-01,3.481347082071270527e-01
1.752187171350982897e-01,2.138204855159628048e-01
-9.901945247197465605e-01,-3.119298758962241180e-02
-1.290841996262444835e-01,2.736776965132176609e-01
-7.379742103636366402e-01,2.596608490852488349e-01
1.750684741939864342e+00,4.479740472882416391e-01
8.480915282960405088e-01,4.005344058878979041e-01
-4.716552586968988381e-01,6.131510936781152665e-01
6.727486728559428641e-01,5.967813733609153015e-01
9.952334585830464597e-01,-1.765022229190346681e-02
1.393946733478605093e+00,-6.142150586167058890e-01
-5.611134167662430450e-01,7.249035790348438146e-01
2.035349338073451086e-01,6.240313612878518601e-01
-1.433279773836848570e-01,2.632122416404306664e-01
8.498374371750757605e-01,4.925817193412249662e-01
2.197115834583449057e-01,9.454189884677423328e-03
-7.736281790219077248e-01,3.058422085055603201e-01
-1.114974240849725184e+00,-7.175426686482583305e-02
6.850294364618357834e-01,3.232674400353528488e-01
-1.184935825886304972e+00,5.162454382503917083e-02
4.575460088658743762e-01,-3.818038700532653817e-01
5.883386525049905114e-01,-3.374496712892111061e-01
8.676190725332471043e-01,5.588610688970487850e-01
1.846803899746506938e-01,1.095392644654088032e+00
1.686393678266794094e+00,1.443644263899742652e-01
-7.044469074206300974e-01,4.970756997504677255e-01
3.432063451833031742e-01,5.020701243393101976e-01
-5.033927792669273121e-02,2.263734433147243652e-01
1.205987844575449941e+00,-3.924207531190760379e-01
6.289347156692047802e-01,-5.254305541350688946e-01
2.947231948391444978e-01,-8.032142117240237411e-03
5.605603065671868057e-01,6.929180434942472377e-02
-6.836884056374413765e-01,7.136004185444499992e-01
1.758371469540031207e+00,-7.156301882869850473e-02
1.788623217734013116e+00,-2.239377124746194103e-01
1.940418003614283959e+00,-5.747012650230940572e-02
8.105655065069533594e-01,3.413496185842670450e-01
1.370869797230657383e+00,-3.157925054128274400e-01
8.009207490199108381e-01,7.744389135380653766e-01
2.220230270499386205e-01,9.426954005485395083e-01
-7.588539077104078379e-01,2.239726929111127141e-01
4.925938776136615793e-01,4.549484855556751306e-01
-2.430953979300337631e-02,2.061857672160835597e-01
1.372392530572454694e+00,-2.712783988343952513e-01
-8.411756795162561584e-02,4.333411532281311596e-01
-1.192494795706997568e-01,-1.976563841140207556e-01
-9.636687728245464379e-01,2.672983309313977651e-01
1.015749748436599376e+00,-8.664432413160124691e-01
-1.952885982284253974e-02,-4.073557375955971782e-01
-9.637515927995730092e-01,3.115863853890478152e-01
-8.111707513566820404e-01,7.480197508186509081e-01
2.326087994065548503e-01,4.998363115195225692e-02
-2.638360139572750729e-01,9.096047252834734698e-01
2.126621345429899057e-01,1.475543237257070095e-01
4.522223867889526572e-01,1.071304269036849721e+00
5.865826728872853835e-01,6.201105258615042803e-01
-6.730218139873012095e-01,9.550923951200077644e-01
-4.669545199373882904e-01,8.539947447700363403e-01
2.911733524102303461e-01,-4.006375512335397793e-01
1.496668561408587061e+00,-6.436994464794933979e-01
-7.883590015456649613e-01,-1.255987561819579823e-01
-5.421201085635798389e-01,8.824593123802177974e-01
-3.944970160732841347e-01,8.972286962821017786e-01
2.273058249768224126e+00,4.571482935354547750e-01
9.526035839712192477e-01,3.054091509269420968e-01
5.767216800288308409e-01,3.661989014003828036e-01
1.186694336142078088e+00,-3.817490203830782303e-01
1.258653276743769922e+00,-8.947862977260878647e-02
1.607193718839828589e-01,-5.319016574313781831e-01
-5.772318328669514553e-01,9.454886161371269804e-01
1.662827550462728343e+00,-2.846624503858041777e-01
1.865282455174664733e+00,2.057838688265211657e-01
2.288728378747793002e+00,6.231616344549342768e-02
4.119793766600050589e-01,-3.217966641667094341e-01
4.306269349020191983e-01,-6.797023073768919676e-01
5.250525970607239357e-01,-5.291189780895984018e-01
-3.822963805619530864e-01,9.518171028354676100e-01
-7.418148633303404127e-01,1.009384223901121480e+00
-1.494971196908456701e-02,4.966134306227995565e-02
1.224654338038727586e+00,-6.887394092355549891e-01
1.857566925922844669e+00,-2.388957267905865711e-01
9.622348288236963754e-01,4.678810656164156812e-01
1.724760654121913150e+00,4.509706248790891769e-01
1.107208348868298220e-01,-4.766348451833518629e-03
6.136240521178100149e-01,9.684590234093328753e-01
1.420712153105571363e-01,4.830443493091404195e-01
1.150474464325100366e+00,-1.906102971954282133e-02
1.222812397453604955e-01,4.661024401394890382e-01
1.475384640295320238e-01,-2.325765651018568969e-01
7.475384768853744477e-01,1.012435553452970094e+00
-7.458013486334171827e-01,9.820484090690311252e-01
-1.127897595107024697e-01,3.113702461351370854e-01
6.732753039240835236e-01,-1.432085985174185172e-01
3.958242052431772962e-01,-1.070964860315070377e-01
1.745741642634863755e+00,-9.592537011151069937e-02
1.157209989376480896e+00,3.665257485678766192e-02
6.232741322820534169e-01,9.820403978318341665e-01
7.130533042480251549e-01,6.657180119270202923e-01
-1.253720782897863817e+00,5.122954844145275466e-01
8.916575352692028833e-01,-1.736637684236663204e-01
4.632727703192696112e-01,6.915216047319650006e-02
7.772321537518410706e-01,-5.350029171464266708e-01
8.265462785030875947e-01,4.858767904497962586e-03
-9.088801340550540786e-01,6.228301612622706429e-01
-8.097462544895531744e-01,2.789697682100826179e-02
1.481335358065609398e-01,-2.967889250033909909e-01
-5.593336498297382109e-01,4.993224793012509544e-01
-1.184042795043355190e-02,3.822246555410379054e-01
2.134143474170824284e+00,1.189613455900793704e-01
8.621610877842441623e-01,-5.218631651709689789e-01
1.154863682262446956e+00,-9.952115367205759400e-01
2.001620174789475737e+00,2.572316168772642575e-01
1.004640275053995113e+00,-2.556561348327530681e-01
1.584680726098567805e+00,-3.756007080666727282e-01
9.853834658363274102e-01,3.144497956442543485e-01
1.972269894205855578e-01,-2.807366418270446640e-01
4.939868521105049426e-02,4.946379180204008019e-01
3.035569775513352608e-01,9.249644375353237580e-01
1.241984949490410051e+00,-4.137029964216726863e-01
1.150597581026670202e+00,-4.330927781545508837e-01
1.072215937613729686e+00,3.542762133852891404e-01
2.016516399826984163e+00,7.092477932978661359e-01
1.232390848243709147e+00,-5.370521578264594309e-01
8.417185856380731135e-01,-5.372090286599970899e-01
4.963063962118834938e-01,-7.925358262048050051e-01
7.014526558922868915e-01,-4.598092432507951965e-01
7.845101793362793119e-01,7.666930903799179520e-01
1.022074580053102810e+00,3.560772465642499940e-01
1.532847645784525703e+00,-3.948316567377654351e-01
5.462633251200634810e-01,-5.129823295397020200e-01
-8.320235278833332249e-01,7.360165809255375668e-01
7.502426802772887982e-01,4.207035172039140236e-01
-7.770176519529140013e-02,7.608810721267483812e-01
4.928597233304321534e-01,-1.601756147989227275e-01
2.770600732522168208e-01,-2.916369648353580590e-01
5.636594827681578046e-01,7.933073451266097198e-01
-6.642607534616730147e-01,2.154754917811557702e-01
-4.377156148395455748e-03,2.486369963486099732e-01
1.188714771545732907e+00,-4.396688496768836329e-01
1.456578118437850788e+00,-4.266011820463922466e-01
8.177757594959316201e-01,-1.818151628877035519e-01
1.444951098820106195e+00,-3.112976184758491360e-01
8.607852131305793186e-01,6.197074665614793476e-01
-5.134352461555198310e-01,1.677331602555547085e-01
-1.012165518449515522e+00,5.767147604587887777e-01
5.888412689020042778e-01,6.787537589696586160e-01
2.161961177625515429e+00,2.680793634018258653e-01
1.614046037590573801e-01,9.646927959505092742e-01
2.824407347355468723e-01,-2.334034192462114410e-02
-7.563217584559283058e-01,9.173373473984576254e-01
-1.489559670419157822e+00,7.484601286897392403e-02
1.007501105805664432e+00,2.351037887724949371e-01
1.568320377623960704e+00,3.311746849665010983e-01
-1.598820806203399281e-01,9.388611730666620581e-01
-9.921194530867376571e-01,-3.404828812386442305e-01
-8.405338675414849581e-01,2.632850417381417119e-01
-1.122226555519292734e+00,4.410768553637328671e-01
1.894727904888007242e+00,-1.657525123136195933e-01
1.068239456305262625e+00,3.582534758126102448e-01
-5.639777911549448408e-01,8.975478365980423812e-01
-1.271137821741349372e+00,8.061433772322618152e-01
-9.159208392646908115e-01,2.972441657169039297e-02
1.214259154311836841e+00,-4.707666574526526704e-01
-5.870354837221605226e-01,6.461035228292660859e-01
-2.032868043692099003e-01,5.811446284445448418e-01
6.777934848885514008e-01,5.602448708568137370e-01
1.138622361101902847e+00,4.091215397376037899e-01
8.556454740548949944e-01,6.142926203288296971e-01
2.083209998966158771e+00,-3.451401930870558465e-01
1.029354843034983480e+00,-1.175007440161449090e-01
5.642485737343458929e-01,7.672100361411962055e-01
7.636463542599295495e-01,-4.783297970224301698e-01
3.238339042725156269e-01,5.289159009204034145e-01
-1.122696183257347435e+00,1.783298998924961465e-01
-4.170612340282385533e-02,1.598402952264110333e+00
5.542301895162581316e-01,1.619070978805209338e-01
8.439129185969809210e-01,-1.717626425831003112e-01
1.753337004527193876e+00,4.099853076130022256e-01
-1.105376141789661537e-01,7.808728897250069023e-01
-1.068752144355825218e+00,1.410449252535930786e-01
-1.058230056008118591e+00,4.293424574665925531e-01
5.542343562016953662e-01,1.046347499184470564e+00
-3.590416779213964071e-01,3.656163253035690230e-01
5.528104289620960898e-01,-8.211116875474224752e-01
7.739298763904209899e-01,6.775531034603323732e-01
3.330916757527646599e-01,6.550481968599157767e-01
5.447383316174770895e-01,5.293747487078311886e-01
2.071849633349087227e+00,6.496840753093304777e-01
3.124433703460173239e-01,-2.183524725864000315e-01
7.575197112244310693e-01,4.381534398655415607e-01
9.674937881800707018e-01,4.000902880548994900e-01
9.049214296385201806e-01,-4.726946561595181118e-01
-6.160050284330151893e-01,4.422996042345414547e-01
7.377588925981040102e-01,4.747772580251128915e-01
1.513664830582319709e-01,-1.376387370457946013e-01
-1.424358334017405414e-01,1.046566840904680440e+00
9.015560498842838388e-01,-1.635925300340978494e-01
8.624889828749841003e-01,-4.425396633489997456e-02
2.152697704957329816e-01,8.379139509136809272e-01
1.114506590764561711e+00,6.229870564352668616e-01
9.592777953193838414e-01,9.413532144820980774e-01
-9.491487843565143967e-01,2.976871477755447803e-01
-5.974932414608506992e-01,6.348056480341066621e-01
2.206060746812962048e+00,3.143599876630418510e-01
1.823285155722150774e+00,-2.979398822362439581e-01
8.922610332908368358e-01,-3.132548661225310616e-01
-7.721632758275907005e-01,3.274015169621923294e-01
-6.783240946202813149e-01,4.218096193245257641e-01
1.704189475465876402e+00,-2.057168337861036977e-01
1.638227368896334912e+00,-3.284698409807352282e-01
-8.900846047083175172e-01,9.051180487364071103e-01
3.362768529620090430e-01,-2.902911607986973230e-01
2.460922643210526339e-01,1.153348586760988281e-01
2.852482403626123153e-01,7.244946804782743666e-01
1.419940818088698264e-01,3.436810853602749183e-01
-3.467760688672630875e-01,3.514143153367468297e-01
4.239529984185951283e-01,-7.582561016720201774e-02
7.830811409414939472e-02,5.391005307928864454e-02
6.141673605973442251e-01,-2.854748883347186239e-01
-1.186433957001318040e+00,-1.021231529587558057e-01
2.026539587678310106e+00,5.464832657639382418e-01
2.077082294468818091e+00,3.918801067670003579e-01
1.792117903179487604e-01,4.689593152399670339e-01
-2.790104786415460447e-01,6.929093106358502618e-01
1.880524221316696165e+00,3.373052250470628399e-01
1.438309851088390268e+00,-2.563738437709780493e-01
6.915965851087151339e-01,8.264536036974441391e-01
1.660187460676942672e+00,-3.931999799936307660e-01
1.985931810322458135e+00,1.603105953933092465e-01
1.611243793311833317e+00,-6.626644483568140398e-01
5.157343437538979281e-01,5.319150385102893175e-01
-3.019304537081050066e-01,3.472502911564618322e-01
1.084497922922496471e+00,-2.896844628145642808e-01
-7.894256055938975170e-01,3.989740966896608843e-01
5.353611584753312780e-01,6.025836798400105998e-01
-1.031808825301227195e+00,8.693491513649050928e-01
1.504009583405989670e+00,-5.468951099103908087e-01
1.017332176873038674e-01,2.691882061162981787e-01
4.083672580763400561e-01,-3.948506403307325274e-01
6.985515990368691419e-01,5.241144970987303697e-01
-5.101670778192366473e-01,1.310116055127498180e+00
-3.108456153135821798e-01,1.021617398362355322e+00
-9.013342375947572815e-01,8.814937610437744153e-01
2.210585024666877008e+00,1.523930448904587676e-01
1.194605540000134081e+00,-3.365792077588221076e-01
1.021250836318406741e+00,3.427388000389898215e-01
1.332686729073302878e+00,-5.098434079462783597e-01
9.851780586813390084e-01,-2.823579063838074221e-01
1.310971587206547051e+00,-5.677750717624151927e-02
2.842937588640139790e-01,3.826112202168479026e-01
2.102976510342196903e+00,2.650653388547277167e-01
-8.434494184237089076e-01,4.645770236970725997e-01
-5.354276209702607536e-01,1.092480657457397086e+00
1.654543760643159445e+00,1.643884798219268084e-01
1.019093646001373754e+00,7.635731398132836190e-02
1.731877779046561150e+00,-1.106861636268492710e-01
4.510366041840998541e-01,8.122996264902617725e-01
4.709392714632631982e-02,9.258688546180462442e-01
2.199855763092120331e-01,2.066309248794656606e-01
1.441391407054845253e+00,-4.590505254708127647e-01
2.299457946717467227e-01,9.775612613310092902e-01
2.309481807105447093e-01,1.247950442660126669e+00
1.605252703259028468e+00,-2.978525959688774760e-01
4.381440237477922661e-01,-4.122398537765424864e-01
2.197404112457384873e+00,3.433448735435971622e-01
-9.595958805598354679e-01,4.653286171190221254e-01
1.726359965627057624e+00,3.561803221869976888e-01
1.820956501985432130e+00,-2.815341749516326875e-01
9.254333023824921067e-01,-3.498426198681036103e-01
3.343887751055842350e-01,-3.246982923241283903e-01
9.674882108580207252e-01,-6.284802649300059718e-01
1.108676883839385674e+00,-1.642176230325497754e-01
1.563322120112966562e+00,-4.333492511574525419e-01
6.849735035319400867e-01,-4.277079312482188755e-01
2.226530783370931577e+00,-3.497362007567916820e-02
8.424250654788705273e-01,-5.359330946051223954e-01
-1.207352601737882170e-01,1.062584251986086414e+00
2.094505804385602854e+00,2.668344590492709445e-01
6.184296116915479757e-01,-7.971536348020928919e-01
-7.060564398520322027e-02,-1.219969464920395985e-01
-1.231972345268169677e-01,8.480475708262832368e-01
4.616438928554474908e-01,-6.096776792331729533e-01
1.639174359454494412e-01,1.115355069608435112e+00
-2.310517452308759323e-01,1.129834273008165635e+00
-8.393801810755733284e-01,2.809047093775901005e-01
2.018141730820048885e+00,1.625392061899669505e-01
-2.218491619513301427e-01,8.712556249325087432e-01
5.405282457686834130e-01,8.834676864973969312e-01
1.679199971598873020e+00,-1.674693205909856264e-01
1.927868204558504273e+00,6.207748474558272278e-01
1.941895133949172125e+00,4.424914267493644804e-01
-8.024461350440920127e-01,-4.528679638972754606e-02
-6.741885799822597836e-01,3.700662530848501386e-01
-3.059028937869470721e-02,9.506716158565469144e-01
-7.106267597810985714e-01,6.159985395770994909e-02
1.220142976161764148e+00,-7.115425000753301532e-01
1.523096791573587350e+00,-1.848372457398544111e-01
4.410301427143635822e-01,7.305840734822754978e-02
2.178113428622334702e-01,8.553389885934198356e-02
-7.619036916256172187e-02,-9.392053562742919137e-02
-4.744414164429030523e-01,6.720488338100454317e-01
-1.048298526924691831e+00,1.366489886167736034e-01
4.849089376170823140e-01,7.136605077308654232e-01
3.821973244336466236e-01,5.986798003625355413e-01
3.271463678199001968e-02,2.744553197228700170e-01
1.463564375784631721e+00,-2.206022801844442771e-02
8.076079832357460075e-01,2.715707141801482205e-02
3.738034397147245169e-01,-2.433463774479401320e-01
1.461420300578101017e+00,-6.300604184369296146e-01
-4.310976967673685323e-02,8.864153735603920170e-01
1.213752055153708209e+00,2.262202784151989832e-02
4.039526704153889591e-01,-2.282558415078888570e-01
2.073569315548837722e+00,-1.538460129511048935e-02
5.466634744152749636e-01,-5.406538849802786650e-01
-1.004527950136994141e+00,3.498054156620654664e-01
6.080379791507226628e-01,8.378710336560007965e-01
-8.026634314755951571e-01,-1.101432202435131957e-02
2.770006274825911885e-02,-3.589848880419713728e-01
6.191438375450705189e-01,9.079394373177818167e-01
6.245267555279795935e-02,6.900192147052155445e-01
2.241193170396778844e-01,4.717517008469067075e-01
-1.051145859030126806e+00,2.829919927346976616e-01
-3.328531784584301545e-02,9.465389128151069364e-01
1.008152314684145789e+00,-3.539612633337910763e-01
6.867702643860309486e-01,1.288869823939674530e-01
8.443632051082421430e-01,-6.193080521092767521e-01
1.841860921979284527e+00,-3.012335341351451978e-02
-3.269210011737870847e-01,1.099612013587741632e+00
1.651851752283542307e+00,2.235759393319657340e-01
-1.138952754596571193e+00,4.539648734500545402e-01
6.911608632058159341e-01,-3.288264995553323855e-01
8.450832318900040052e-01,-3.320000425098114105e-01
-1.427335400787312358e-01,8.330858258870410538e-01
3.368459773534160373e-01,-4.806012934609966702e-01
-1.409489410475472937e-01,1.018448866391531205e+00
-6.026377114062976270e-01,1.002764939595634175e+00
-3.873249288005743973e-01,1.208622863356449972e+00
5.818231262799333781e-01,8.161521411427670181e-01
1.871061663093082972e+00,-1.351226614095739631e-01
-5.516126954571104468e-01,1.160284502002479678e+00
7.329964019691769250e-01,-6.175641136663641007e-01
-7.153220761132084160e-02,-4.421188069351538741e-01
1.141400021026201417e+00,-3.063977091895546678e-01
1.225166148188397697e-01,1.512393864933713861e+00
8.196494642763569871e-01,4.773080101828575672e-01
7.408154639406383524e-01,-6.214826342543039450e-01
8.991979595122178148e-01,3.028873558295958057e-01
-1.028702861078346409e+00,6.990260387617907023e-01
1.324993207977979370e+00,-5.145164916615131423e-01
4.234234194915312832e-01,-2.344597257310085392e-01
1.769422739188446225e-02,-2.577127608596895270e-01
-5.687849007164960113e-01,1.978103261148637104e-01
9.663570759742607930e-01,-2.057105933323001290e-01
1.122070957048528772e+00,1.933096651798046350e-01
-1.304743184405577350e-01,1.201255864596463274e+00
2.025011989262715417e+00,-1.663896138081435438e-01
2.652653329548612104e-01,7.133852322746330188e-01
-3.695234547295074279e-01,6.199850466792821146e-01
1.325024170471294505e-01,8.663172623594876942e-01
9.970922758015373644e-01,-4.611764342297255959e-01
-3.669057802384483868e-01,7.757570072712761666e-01
4.024230669130995919e-01,-3.578804556108100554e-02
7.647342474146117119e-01,6.487252132912412206e-01
5.204384721119936774e-01,-4.553093891184982756e-01
1.935356311229436743e+00,3.956021527838828877e-01
5.590943107105633691e-01,-1.828575474801084066e-01
1.568836956099299018e-01,9.120783530283543827e-01
7.125896608392883191e-01,7.641445112929613481e-01
8.602978129632083970e-01,9.121782596928970088e-01
5.683612309944439112e-01,8.711105603561173361e-01
1.096960056223751367e-01,8.362227824400925158e-01
6.996467527253309449e-01,4.568796711143108258e-01
9.874333800247335757e-01,-5.100054224434615868e-01
-1.024153538139480180e+00,3.984437638370272872e-01
1.077799659817756384e+00,9.130557084804020729e-01
-1.155692538325524321e+00,9.982176672273897211e-02
1.481984841029111433e+00,-4.352891640281331131e-01
-8.126051749452141426e-02,1.308965827093477641e+00
2.186721746977751568e+00,1.423447550921332905e-01
1.162493953347929043e+00,2.233149020747722258e-01
-1.908152282217581708e-02,-2.594239596784679303e-01
-1.740660489259666932e-01,2.575335247011343864e-01
7.375923823849610539e-01,7.282857232965196381e-01
8.728604631511878154e-01,-6.719540373258542365e-02
-1.214749079948723054e+00,5.304483467046402501e-01
-6.488739425799414651e-01,7.684904881678075173e-01
1.118954413041696183e+00,8.551986804431424560e-02
-4.613342759640559065e-01,6.097136686973669839e-01
1.731796629171171942e+00,-1.946134932617649693e-01
1.486006272700489905e+00,-6.565645177125228882e-01
-6.003051009072214450e-01,8.045970612125212806e-01
-1.602209108997892928e-01,2.626292485696865020e-01
8.872433625229387832e-01,-2.966275123572454930e-01
1.782944965424803296e+00,3.934794997080519607e-01
-9.608816213470811052e-01,3.527848201781865756e-01
1.385139905811550110e+00,-2.091174117219887219e-01
2.092383153905842619e+00,4.516491708903491165e-01
2.046709721967817863e+00,-3.866699289955882746e-01
-6.626849109876616906e-01,1.016286699435976715e+00
5.898544514320543941e-01,-2.110021923273099898e-01
1.839057209997840836e+00,8.306875916664538395e-02
3.742858796096157348e-02,7.544467460386078406e-01
-1.084035942194150337e+00,-2.985190079489690729e-01
9.277859816364586454e-01,9.220680880149298986e-01
7.166866631887309769e-01,-6.976339782485023733e-01
4.590601229041923470e-01,1.775505637798278358e-01
2.019033704816949548e+00,4.237835207897086010e-01
1.950137833235839002e+00,2.990279830108295567e-01
-5.039478050370492512e-02,9.959581579961283015e-01
-7.581048799714487085e-01,5.036604064009615467e-01
-4.136506318618332623e-01,1.085286460076134052e+00
9.955391294126079149e-01,-3.934161328050519990e-01
9.582428971607290791e-01,5.590705816776070369e-01
6.862189389830688491e-01,-2.368521619965637814e-01
1.649363819102630746e+00,-3.768390632005935714e-01
3.680691115440538064e-01,1.244674922502620351e+00
4.386971903685792928e-01,5.396736248595671581e-01
1.892133800691711443e+00,-3.392884593051896380e-01
1.053747766398131225e-01,7.004656298453106889e-01
1.808315523661500723e+00,2.601650721869163685e-01
-7.166025150898527318e-01,5.778822324713566161e-01
-8.548169310375270946e-01,1.879657167853904798e-01
9.190255296688121245e-01,-3.393838149077297306e-01
-9.502880947235589071e-01,3.799513035798175453e-01
1.834197268881653020e+00,-1.841464897705098469e-01
-1.552424183261386093e-01,9.692148427079194661e-01
2.285328699255841478e+00,2.601704794358014050e-01
4.896048795140200416e-01,-2.026014885923760611e-01
9.329807345742448244e-02,1.142553183388766991e-02
1.651564218423619446e+00,-3.884046946997050109e-01
2.083543608777988165e+00,6.648965196311855674e-01
1.140475129843324803e-01,1.495519434585259599e-01
7.396429966198967421e-01,-5.844347927798544395e-01
7.579274712729467955e-01,-7.044542317967978917e-01
-1.103461070349292417e+00,9.342022905461275784e-01
-1.677793161409286277e-02,4.754231417132295245e-01
9.385239523467923117e-01,-4.803964052146857955e-01
-3.348522668916266154e-01,5.953684698496151118e-01
-1.684799211028663590e-01,1.092272224879207165e+00
2.278679556183644817e+00,1.394948565384462047e-01
1.067169596317748992e+00,-2.010971406167673670e-01
-2.447224450469503987e-02,8.142764027206337296e-01
1.147734786446771960e+00,-6.733069157017642636e-01
-1.015972788742359301e+00,4.177006999866922365e-01
6.439285315622025330e-01,-2.390700964641278847e-01
4.404862696373489928e-01,7.863503812912948643e-01
1.037422327936100785e+00,-3.650687049323645406e-01
-2.738901754712274594e-01,1.030232107578730183e+00
1.165068507297015943e+00,-5.041830174817283350e-01
1.794330580286915611e+00,-1.110169597040435996e-01
1.279789156722735077e+00,2.424671659385354561e-01
1.705413049957100524e+00,-3.457258570828595223e-01
-6.065147278434370737e-01,8.064323322426144580e-01
-7.743868073099375859e-01,-1.810513673076552255e-01
6.683293899497289026e-03,9.291876590598802110e-01
1.493744285070658373e+00,-4.016443032148988568e-01
6.384125010799015509e-01,8.705813656843183201e-01
4.295887470973454580e-01,-5.281370647409460162e-01
7.811444561951178533e-01,-2.839147372275961922e-01
2.595400540312388094e-01,2.594454476336467419e-01
1.490320355184412415e+00,-3.195758416758192610e-01
2.056524576093557322e+00,6.092636140049070281e-01
3.964516164919095198e-01,8.193584053187080718e-02
9.974387321644515580e-01,-5.690258901814267967e-01
-1.010620475142588459e+00,2.998488302799070526e-01
1.728328129196131657e-01,-3.514753903347459518e-01
1.593212027421552879e+00,-3.183036527939472338e-01
-3.574719003914770266e-01,5.223724900363988510e-01
2.114388529996925392e+00,-3.219080868584474620e-01
2.540912929015856081e-01,-1.230996433190491013e-01
-1.613349683755841701e-01,3.286845743753212812e-01
-1.098639788320148636e+00,5.284528282337151994e-01
2.516803355861469971e-01,1.216388206630184765e+00
2.123073142776372713e+00,2.197462542105860783e-01
9.180137055429604676e-01,-1.441768672290070219e-01
7.928542761172177045e-01,-3.775637463851627129e-01
2.161202707188303762e+00,2.982053467890193876e-01
3.574496326552616954e-01,8.608613088707488259e-02
-5.670793193550979217e-01,5.811273430403024465e-01
-5.226758829815592033e-01,1.234898272051058177e+00
3.507739517612581404e-01,1.134164736698776821e+00
1.192499681142084267e+00,-2.059717493109686770e-01
-1.286468274655592769e-01,1.176369087071526653e+00
-3.769888600473663143e-01,7.302187983752365108e-01
-5.931961287211312550e-01,6.664856037769204544e-01
1.698194032472699622e-02,1.211180155719445567e-01
1.361362099709497508e+00,-3.992539570995712328e-02
2.270231166481671004e+00,4.280643845244950230e-01
9.477643972365192848e-01,-2.357528992845258908e-01
1.244897169701827178e+00,2.269310044978827823e-01
8.832302779145549954e-01,1.965165811209973468e-01
9.762994009228804781e-01,2.021148991137391160e-01
8.888405127461628252e-01,5.294111308190628806e-01
3.823041259360951960e-01,-2.602134763369153836e-01
1.208299826767858243e-01,-4.698180314406887881e-01
6.808914352603937514e-01,-4.562374624883642760e-01
3.347970545975648693e-01,1.835458826057354553e-01
2.010172056651612360e-01,3.824234804146612321e-01
1.893063332715356761e+00,1.621480748843179553e-01
1.293104036099449905e+00,-2.314524612365906342e-01
4.020157016152153817e-01,-2.622943830585144909e-03
1.264051831454449992e+00,-6.270061883078538179e-01
7.247383662507982105e-02,6.969246338918526629e-01
1.015484963117571082e+00,-9.197248935361637123e-01
2.196248061720382783e+00,2.266495054350649296e-01
1.703318914539995843e+00,-4.101619132561645786e-01
3.123524169910976700e-01,8.893131720258654616e-01
-3.441427093210705501e-01,8.751028649425989236e-01
1.816930487859645282e+00,-4.278295850176117021e-02
1.359516291224718954e+00,-5.101096196436947228e-01
-1.339578400772278854e+00,2.601001616037417752e-01
3.454042837083224349e-01,5.440194349675315788e-01
6.634114623665129384e-01,5.256245918318896981e-01
1.748393135114297614e+00,1.022238509176569797e-03
1.752741229712500015e-01,8.152513970177392988e-01
1.530599357472641753e+00,-3.946128543060555272e-01
2.164412579112579227e+00,1.952295105811099329e-01
4.475345647330484233e-01,-3.048120506477544067e-01
-5.936122711213191738e-02,4.088331155757114477e-01
-4.369012989133422842e-01,6.243643553894773213e-01
-7.644719055252869877e-01,4.931220559389721814e-01
9.580302202458315097e-01,7.744143050465559508e-01
2.458844863483279075e-01,8.554965195229375929e-01
-5.277589367945677290e-02,5.580694540334996123e-01
-8.485860587860410975e-02,8.064732202974354003e-01
1.528021551261998345e+00,-3.344599773885630345e-01
-6.306095251829303416e-01,6.906013020978937211e-01
2.199322605157952637e+00,-1.790518158405331184e-01
-2.226891673712453334e-01,9.836269284237351140e-01
1.570092568600276461e+00,-2.470568017949052730e-01
-5.427546152829532122e-01,6.381361790463541128e-01
-2.005838367871320971e-02,4.038513685655381602e-01
-1.024010787521211219e+00,4.052695234068017238e-01
1.529327576197995420e+00,-5.069005681023075471e-02
1.343156073539828022e+00,-4.788968863468530679e-01
1.290526738359117243e+00,-2.621335483677323941e-01
4.889961118304987364e-01,1.035815568993542657e+00
5.649807987488066896e-01,6.256229018616914495e-01
3.925941076172764221e-01,9.623236002736735850e-01
1.171852132430668103e+00,-4.088235916996945107e-01
1.062369577881123739e+00,-1.151646848363357956e-01
1.806278384439259810e+00,-3.305476027116345250e-01
1.238866064391888511e+00,-1.543401073714536498e-01
1.187565482109056214e+00,8.588671373396178366e-02
-1.003886938270027285e+00,3.482457419447551605e-01
-1.251091245656125658e-02,7.925885252215343346e-01
9.066238278588233390e-01,7.186232085964798788e-01
3.916888965363096164e-01,-3.042671331645000476e-01
1.195897262057149080e+00,-1.783829298927349649e-01
-1.033664797311958594e+00,6.727138940521049104e-01
6.874996659684899925e-01,7.018117513352306602e-01
7.481435136702556388e-02,-5.461157141539282889e-02
1.008231061138843421e+00,3.432930547932838139e-01
-5.553072593271373147e-01,7.187544138316224185e-01
-1.607879638752295060e-01,5.461060649312861059e-01
-1.343895824471375677e+00,-1.230589496208550626e-02
-1.977673994154715009e-01,4.032721298521518838e-01
1.437288341779263123e-01,4.230972525250347727e-01
-9.723007344611638292e-01,4.028567753989586997e-01
1.798881977751954686e+00,-3.265819584030249523e-01
1.182122076825275592e+00,2.807856650320312286e-01
1.243853451726943948e+00,-5.619779720674022983e-01
-4.864286219808290346e-01,9.464246049921595239e-01
-7.892662619448879147e-01,6.026738233433996950e-01
1.994370387495928654e+00,-3.552281865888606838e-01
9.344438882033073712e-02,2.556445162171826491e-01
1.160285815013221811e+00,-4.905182927595133635e-01
-2.654476346406212661e-01,6.514647519352601002e-01
-9.569331898037632955e-01,5.486764326601687447e-01
1.096760461113589713e+00,3.407237551757228977e-01
5.117405660542659884e-01,6.206486548065373032e-01
-1.057673863351476173e+00,-2.422858356823960890e-01
-5.873022902303788317e-01,9.956928009923793343e-01
3.537292916650001118e-01,2.735493378080930404e-01
7.721765453025888903e-02,3.919101661173429729e-01
1.361846902161928163e+00,-3.016030484528615663e-01
5.546090454040446538e-01,-6.892774054987955701e-01
4.705269338544678659e-01,9.424000824528386833e-01
6.292834812299049618e-01,-6.439815978036386168e-01
-7.245336175854066862e-01,6.620023614702348347e-01
-1.412786536266506798e-02,-1.488012934810545307e-01
3.501499770770805098e-01,-2.333682432435188470e-01
-5.867587951998186613e-01,7.333004044809796618e-01
2.927028529110520250e-01,7.030215628122138405e-01
3.242948434053520845e-01,-3.148533623088356492e-01
-7.470959140684946265e-01,2.800290407890483335e-01
7.934150397303830760e-01,-3.739673940923352036e-01
4.142368533261346908e-01,6.152937614572202563e-01
-8.216591039582976652e-01,3.919470026226067327e-01
1.471737967415969739e-01,8.615322798212305955e-01
8.041154103026231237e-01,1.098691358656461947e+00
7.289804867561833213e-01,6.890650894749147382e-01
1.852380007368998216e+00,-5.613957848127779093e-02
4.290218079659812167e-01,6.334677320826498370e-02
4.029222093606217858e-01,5.034331943158104616e-02
-4.473421268803752793e-01,6.206297808357486012e-01
1.616363580828327873e+00,-1.616445608503682130e-01
2.050171033977392920e-01,2.320814318906022355e-01
5.224220647501921500e-01,1.086418285597645195e+00
2.090816881796268012e-01,6.156744496182661175e-01
1.424912125572422195e+00,-1.733647937022556318e-01
1.897281538167840953e+00,-4.503473960646153795e-02
-8.704902562024765533e-01,5.535070173678781069e-01
-4.134282232993251038e-01,7.343502747467977043e-01
1.029787559234134411e-02,-2.786220191825016235e-01
-4.257696379816043319e-01,9.672794868220649933e-01
-9.558192456962314454e-01,3.267894197979571147e-01
1.249419069771714685e+00,-1.840752524459886574e-01
7.823673792970936569e-01,-6.041213055859356862e-01
1.675381213032237637e+00,3.080378066505284895e-01
1.411767913504162308e+00,-6.767856134236475141e-01
-8.780694153004094948e-01,6.226990496553624910e-01
-1.962136383818328111e-01,2.811717550391101828e-02
1.115098425810931992e-01,-1.283746857652628970e-01
2.025303673064701715e-01,2.521347271567203618e-01
4.406275773052683586e-01,1.161595851027499071e+00
8.346715381401468292e-01,8.883129787486189199e-01
-4.803835522321897589e-01,4.714163075179804152e-01
2.054158452483695108e+00,2.749127581723431746e-01
3.668065251358202383e-01,-2.895363779826246597e-01
-1.361866050554140228e-01,8.376042525004808725e-01
8.492490817406449510e-01,5.685119140470041854e-01
5.998425776337070747e-01,1.026501722810479134e+00
2.056888290568963384e+00,3.045517184365759134e-02
7.319411135298502513e-01,6.009217660943755313e-01
5.958331653132690198e-01,-4.173552844093463277e-01
-6.470368132979343878e-01,5.612813482246420405e-01
4.937598775648562865e-01,8.175648130208699182e-01
-1.596039513929724263e-02,4.287039862591847106e-01
4.939819813174447516e-01,7.661782583799887636e-01
-7.169936261869982452e-01,2.582973090373923974e-01
6.458800702733284715e-02,1.094194748553600771e+00
2.412086934335238575e-01,1.092645434089837830e-01
5.341145774842206428e-01,8.106634640381625845e-01
5.525473720184407300e-01,-7.971461071548582300e-01
6.901248385717604350e-01,2.251394018566265087e-01
-1.117860135092240415e-01,1.124811699507944018e+00
1.956762135109793244e+00,2.813496222500140864e-01
7.736533219581287479e-03,-4.216686700835825530e-01
8.250918241994880109e-01,7.218753947863981724e-01
-7.196300448824782814e-01,5.693297277471573992e-01
7.831462457515078190e-01,6.164094235907666697e-01
-2.272260032165912547e-01,4.659080116754389378e-01
1.348311752351627701e+00,-5.391920262438141265e-01
1.086672338982332509e+00,-6.313164306877905307e-01
1.434607915662785560e+00,-4.054985700760209699e-01
-2.257696637134920525e-01,7.964009158516389686e-01
1.518172397341720936e+00,-3.415031308921323006e-01
1.478198401714361010e+00,-5.383929624802601399e-01
1.880594775223660475e+00,-4.798874226113251096e-01
1.028348073333660739e+00,6.621055944915448244e-01
1.141687689906765585e-01,-1.854396473262429623e-01
-7.745454700728294783e-01,2.314019316500846857e-01
-6.581055876209234157e-01,2.745698599561325892e-01
1.533881502460521795e-01,9.527985239163254683e-01
1.805938221696069768e+00,-2.939538224846269254e-02
1.479525078199074029e-01,9.474689816567734013e-01
-2.849316019409945389e-01,7.849748284535456033e-01
7.574005515343987804e-01,-8.914313900787129707e-01
3.881937525131626820e-01,-2.198357030788171684e-01
3.306232068544975311e-01,8.685251748543694195e-01
7.966566410692333955e-01,-2.878717418685807772e-01
-1.717642762033550971e-02,1.083675152576373257e+00
3.596958048475568659e-01,-4.819274841697865353e-01
2.474796178395605173e-02,7.689604913641561179e-01
2.190811865624906485e+00,4.904201007853762340e-01
9.331756019589481088e-01,-3.856550053734809635e-01
7.012546978697851985e-02,1.481929437271809924e+00
1.485312365402303714e+00,-2.090092367944269836e-01
6.378203259876760178e-01,5.753675699476703542e-01
3.906430536976645551e-01,-2.759861670652299925e-01
1.287727700149165488e-01,1.319887801501311131e+00
2.354440415150101107e-01,9.905769645433812887e-01
-3.000731330511012818e-01,8.584946564263988833e-01
5.126304992828560891e-01,-7.388225199667259879e-01
3.227481617430985605e-01,8.746189558593586710e-01
3.526351107231755488e-01,1.020520018624388792e+00
-1.941997278839150132e-01,9.019885465993660034e-01
1.041841626418558153e+00,-7.306083575263011554e-01
-9.548698710020793179e-01,3.589549681516429058e-01
9.832568004069744405e-02,9.712437912896177972e-01
1.664117523363590090e+00,-3.247043634936275236e-02
-1.781444350690647438e-01,9.995047703593377131e-01
1.992021056120933664e-01,-4.061436158700850174e-01
-9.671017650511700703e-01,-1.755230280690254219e-01
1.464544782014957358e-01,-3.223775248731767795e-01
8.847647255219212026e-01,6.017925060092559342e-01
-3.156833710686864358e-01,7.706561896530554900e-01
2.151370362218402388e+00,4.651913804439957723e-01
9.718842044675439773e-01,4.004972037118674777e-01
-1.563093863247428661e-01,1.092129080685928066e+00
1.910836727288976578e+00,-2.244567505190918355e-01
-4.802184853423739908e-01,9.065059625325831982e-01
1.648353222570859700e+00,6.023536088140146738e-02
4.296521140247224757e-01,5.432784265837391491e-01
6.184471379716578454e-01,1.023120742524714188e+00
1.703263563906112665e+00,-4.131401601992259476e-01
1.437004489176076483e+00,-7.388229590590889018e-01
1.179495551108538764e+00,-5.425430734380589648e-01
-8.586252040501498595e-01,7.125871708401882998e-01
1.964462260886485012e+00,-2.420825580440245650e-01
-6.461875843795479302e-01,8.027683947332159287e-01
1.338248040574421260e-01,8.203321445270661538e-02
-8.780291363504335589e-01,5.284400234530026719e-01
-1.052025634542256977e-01,1.295288630645220929e+00
2.847838810434895063e-01,3.662299085009171340e-01
3.969177234666767529e-01,8.887885647862414640e-01
8.268824901663909266e-01,7.747408528897548052e-01
5.296627281560125633e-01,4.724123495106258841e-01
1.572956647974148581e+00,-5.850974287815364772e-01
-3.478696480321601392e-01,1.227222287512735877e+00
1.714057059528534488e+00,3.466767155718577520e-01
4.521876603806934125e-01,5.649182514504236252e-01
4.095361935877595005e-01,1.039346699166012522e+00
6.426994561540201323e-01,-2.394834394591061066e-01
-1.798163062068564022e-01,1.047164904693628440e+00
8.500119522510621306e-02,1.185811447712883160e+00
5.847164168990052202e-01,6.740707841175220816e-01
1.599063613980991949e+00,-5.217838969243319136e-01
3.407258119537742158e-01,3.581961239940652519e-01
7.849126144448137499e-01,-2.670347121129225121e-01
1.052737845940740380e+00,2.028895968015831941e-01
1.734640124332699429e+00,3.930242890843649306e-01
-3.698700643084525952e-01,8.418966231362403629e-01
1.838556590837200133e+00,-1.267428949266360960e-01
3.701137838303174554e-01,9.559773791440715485e-01
9.778235953330706165e-01,7.811702892614429405e-01
4.357733235634886348e-01,1.292768603851455866e+00
1.961418515447327149e+00,1.657663633916580115e-01
1.645039412207201401e+00,-3.276494927382833100e-01
8.768927466849731900e-01,-2.905081421710815626e-01
6.304710322175864634e-02,1.096326705349377706e+00
-5.158982218830497901e-01,6.008753718681243416e-01
6.421506097188049988e-01,-4.528924983258412751e-01
4.039866279364845436e-01,-4.384749553597791505e-01
1.348537068952399220e+00,3.972431611848756261e-02
4.774860724883946417e-01,-5.306595037612182875e-01
1.033198263619436119e+00,-5.815016489300247615e-01
1.003712126082586753e+00,-3.143046567980537498e-01
2.244557994581643512e-01,-1.896866993677217561e-01
1.011228081062213402e+00,-7.121149335522194423e-01
-1.193107031500840742e-01,5.209060818996280595e-02
-8.505669570004406044e-01,6.820525948388991289e-01
1.384361868016406705e+00,5.618430869133108629e-01
1.118559849990818478e+00,3.952888299130072891e-01
5.301841676362440969e-01,-1.657736278559100440e-01
9.718108834209224778e-01,2.043185392448098880e-01
7.215028848302572628e-01,-4.577309885297761172e-01
6.376337285166213675e-01,4.134006055306799210e-01
2.666569695366754478e-01,1.096177540872120604e+00
-8.650720706156347362e-01,1.867429128693868789e-01
-5.035258494208938451e-03,8.687146813083562735e-01
4.930035802160312453e-01,9.407795166253232200e-01
4.640802691522641910e-01,-5.962621121035724947e-01
2.168660704307494136e+00,5.267945839062477820e-01
5.467647999164174100e-02,1.281103162862915035e+00
-2.786280916612840497e-01,9.917832881486707830e-01
-3.634919662777373328e-01,1.018533707401907407e+00
-5.045244702622497801e-01,7.298334300634018446e-01
1.041662705159000835e+00,3.596677019311393386e-01
1.767240990988913074e+00,-3.150827726454419331e-01
1.826337058419227777e+00,2.409173528079672222e-01
-3.510720533283381850e-01,3.825131977923358906e-01
-7.102505958192486535e-01,9.928582601665720819e-01
2.055257690896208800e+00,3.054567681555004910e-01
1.557770086572272783e+00,-4.434657968817097284e-01
2.562454425210468623e-01,-5.056384557536000024e-01
-1.002375377494760356e+00,5.818168582093961871e-02
1.305706550463061055e-01,2.604980695220323050e-01
-9.322333053091473865e-01,1.656493736249541882e-01
-3.048125727610970781e-01,1.068008463202667402e+00
9.597788307563822618e-01,-3.106064571369478999e-01
1.730955281235238452e+00,4.530825719436609722e-01
1.345593257278786092e+00,1.535967649109107880e-01
1.732061742516843861e+00,3.758485666106043399e-01
-8.180892766607401612e-01,4.210395085010519844e-01
6.849178574810893538e-01,-4.871899318209317875e-01
-6.358427705635395777e-02,3.435759783175290627e-01
-1.246887946666539904e+00,5.298065654005307268e-01
1.044385737718259932e+00,8.990787850482134802e-02
1.127783500525683991e+00,-6.938726470522446621e-02
-7.984536610512626975e-02,-1.726152388063240117e-01
1.912957591591762263e+00,-3.687218532492853584e-01
2.213029856841587595e+00,2.553061619993179931e-01
1.321619666159272954e+00,-3.207744083476407049e-01
2.041164769034212068e+00,1.895900409589488245e-01
8.708295449593771165e-02,-4.920176350944984733e-01
1.650641172319205152e+00,-6.031293539033101281e-01
-1.554496677813677064e-02,7.268045139546881472e-01
-9.412274077927444971e-01,4.870642958623941365e-01
3.076483206663837011e-01,5.753751187959685875e-01
-1.249746612393561218e+00,4.799629506754869435e-01
1.060089242690512856e-01,-3.912053175187919507e-01
1.579018800457093474e-01,5.554253103609801956e-01
1.843892993737487718e+00,-9.624404739871457448e-02
1.908394758295395288e+00,1.695345571416462249e-01
-9.136868059649068119e-01,3.218569623584460193e-01
3.225109912374685139e-01,-7.123421016353637114e-01
1.888806403758801711e+00,5.026583338181085381e-01
1.340741877496068657e+00,-3.378869267955636468e-03
1.563258227506107101e+00,3.052460611309956717e-01
4.688731118757739624e-01,6.343461065581816882e-01
-1.123792229789251085e+00,2.017732183830173165e-02
-9.926042475475073124e-01,2.376227937716119398e-01
-1.013109241291306750e+00,6.238193599628749642e-01
1.481243770513830826e+00,-3.619208860237765890e-01
5.806684972543812995e-01,-5.007349766466755447e-01
3.621120330360368400e-01,-8.649556501485975435e-01
1.248509944598869659e+00,-3.312584850283850635e-01
7.489115417484959458e-01,-3.829947025208444433e-01
9.281580277875176588e-01,7.184486901093185551e-01
9.924192584079502000e-01,-3.622644760868142799e-01
9.940142948298179570e-01,6.762050818038209954e-01
1.433688254383857608e+00,-6.424569370232715571e-01
1.123377982474837111e+00,-4.515184932894263925e-01
2.943725175800225302e-01,1.048669038816634203e+00
1.722328598469455643e-02,3.193150432338445199e-01
3.251844753987517822e-01,1.191137119073891526e+00
-5.677875548897114849e-02,7.254517102120174865e-01
-2.455320869333169620e-01,7.233338391552036617e-01
2.055400912991336426e+00,-4.486361910905444228e-01
1.331218194164030644e+00,-1.240566500502406910e-01
1.320102955754802521e+00,-4.571418181398345659e-01
1.671599340613672879e+00,3.112179129590062487e-01
-8.212404183137440583e-01,4.310895732813716519e-01
-2.878356335821879997e-02,9.325550560472609662e-01
2.176658319620447646e+00,5.396436323879246766e-01
1.355755311941798880e+00,1.821304703105993128e-01
9.844063942137893930e-01,4.949668929836152920e-01
2.256800218692076587e-01,1.207083603523534387e-01
1.249261151750038268e+00,-2.813131065178726686e-01
9.577538332276982480e-01,5.588133728546578194e-01
1.771833084414504489e+00,1.286592990514907886e-01
1.585275621117650857e+00,-3.130588433433296736e-01
7.049885034257598049e-01,8.687821336481243994e-01
1.668446742563102436e+00,4.137634393677523392e-01
2.876526358966197128e-01,7.341199309546035945e-01
1.044549683486575065e+00,2.117682124392882004e-01
1.727018610598627602e+00,-5.096570753719822378e-01
7.761806390316644544e-01,-9.620300779222230592e-01
-1.010722796273100021e+00,-1.021574604963624081e-02
-3.039804783324882020e-01,7.281609211215467337e-01
4.589169366389246885e-01,-3.491414889436420671e-02
-9.541986073065775731e-01,1.258573397967260588e-01
1.437074627040623165e+00,-4.659188098523657229e-01
1.851621925541998337e+00,-2.106592101104797776e-01
1.609381593861672899e+00,-7.125566847235212387e-02
-8.072912544992885131e-01,3.025352817853086962e-01
4.675279512710058261e-01,1.248708539993383937e-01
-1.143889549003133776e+00,1.945700059794224224e-01
-3.497154554955022032e-01,9.348074971902196051e-01
1.048056896571896157e-01,1.304863840674838960e+00
2.313671160696346707e+00,-1.387134891100566536e-03
9.370235875365069411e-01,-7.536579108247769554e-01
4.851716723733825454e-01,-3.397841760176995574e-01
1.039692043749257389e+00,2.859064364088587107e-01
1.637218165997380126e+00,-5.016822896170605173e-01
1.937426495936819482e+00,1.498538841349272843e-01
-6.843462706664061868e-01,5.665448018147263287e-01
4.467344033232181211e-01,-2.949719681830861862e-02
1.858863650051269412e+00,-4.243063417706233187e-02
1.367092884052068191e+00,-3.300224143607318750e-01
2.943318699420078843e-01,1.909978218264302141e-03
-8.871403749359639823e-01,5.724853895901920176e-01
-8.217784436175397111e-01,6.344431177094198571e-01
-8.023137104331822256e-01,3.484490259245029975e-01
5.441952523924710183e-01,6.602991447562085447e-01
3.154656724451410654e-01,6.060106051478568734e-01
-6.345221652686684477e-01,8.515073110185001903e-01
-4.256574795552892088e-02,1.248481993235740717e+00
7.563126801011424982e-01,7.843437865506504014e-01
5.113427243047101722e-01,2.877210170206537798e-01
4.252057524865903160e-01,-5.949334936524347528e-02
1.241444437998946715e-01,9.486910926509715125e-01
6.837190577956735460e-01,-2.829726167443136209e-01
7.607539673765908450e-01,7.040125562117384161e-01
-8.388983152515173958e-02,9.247069810416557178e-01
-3.803781538827221698e-01,6.661030931826014134e-01
7.337855991715739323e-01,4.444981700063306840e-01
7.966849165787531772e-01,1.017791538631930504e+00
-8.650568275067620216e-02,1.246416623777048205e+00
1.328652285310431003e+00,-5.292044456115740925e-01
1.100303463507761981e+00,2.455186675541694563e-01
1.448626264324988977e+00,9.493768761611981466e-02
9.412683211915047199e-01,5.554280722408242443e-01
1.887870214260883195e+00,-3.866345315847597996e-01
-6.162872841924973422e-01,7.145961021495704779e-01
-8.551458103578526426e-01,5.605917195308413037e-01
1.594787663939861266e+00,-2.786607484174157268e-01
1.440814098209078908e+00,-1.268121070276643780e-01
8.603387120332652849e-01,2.144382375994578760e-01
-8.432378674657705631e-01,2.899810628045241256e-01
6.017979104462344297e-01,1.395201027901824986e+00
6.556895701981668712e-01,9.694012861899001798e-01
6.435317688587420815e-01,8.086050512279462366e-01
2.216340499367178474e+00,5.877592043993812299e-01
1.736045563886892351e+00,-8.823519457496503682e-02
9.783687712637649803e-01,-4.991305830394409671e-01
-7.216862148107342501e-01,9.690203244556543360e-01
5.109378361251204481e-01,-4.375300097271296873e-01
-1.290098422157264502e-01,1.051652969187129028e+00
-3.016700864799903847e-01,-1.908056784247581517e-01
4.316277614111672101e-01,1.399125957958985866e+00
3.684342411393414229e-01,6.061386596093112367e-01
-4.539995216194609440e-01,1.101596023057454854e+00
1.197606972638743050e+00,-5.789964942492336064e-01
5.556900671447962958e-01,-3.760393031386396467e-01
1.901644955671573545e+00,-5.220384036854527343e-01
5.777306315231885980e-01,9.852196753279032215e-01
8.026762059014687090e-01,1.797436097423311119e-01
-7.594435546993210107e-01,8.702337733439716727e-01
-4.740069677799746417e-01,7.494696183970320780e-01
-5.449291383789006682e-01,1.138960497240464553e+00
-2.534460042070181274e-01,1.221585638542438179e+00
9.550787077047713236e-01,-5.263403962576429507e-02
8.592568567116466716e-02,-2.134899780986762030e-01
7.344687631491092494e-01,-7.109391955752866199e-01
-7.503291917321458504e-01,7.277041595506192895e-01
1.658929489498714549e+00,-1.467397305072885294e-01
-1.710482553058313981e-01,1.355733042645688835e+00
1.264436554844256433e+00,-7.040129329524167368e-01
-1.401419955417552710e-01,1.019632952927261638e+00
-1.204623204683651361e-01,1.146543357603061919e+00
-1.033793429025107180e+00,-6.585449760890824122e-02
7.700220813919806950e-01,-7.576296609903219181e-01
1.034959171699990410e+00,-2.883105046911538238e-01
1.799791726103752709e-02,8.890171436974623198e-01
